id,text,author_id,public_metrics,created_at,name,spectrum
2025128530011664561,lol https://t.co/jDUnqWUdOV,44196397,"{'retweet_count': 2057, 'reply_count': 2154, 'like_count': 20755, 'quote_count': 93, 'bookmark_count': 492, 'impression_count': 18308347}",2026-02-21T08:40:41.000Z,Elon,C
2025124840806514916,I’ve predicted 2026 for a while now https://t.co/UYVpjNRKjp,44196397,"{'retweet_count': 3761, 'reply_count': 3367, 'like_count': 26586, 'quote_count': 291, 'bookmark_count': 3892, 'impression_count': 7338214}",2026-02-21T08:26:01.000Z,Elon,C
2025124392779301136,Ask Grok in X Chat https://t.co/BhTfDG4EFi,44196397,"{'retweet_count': 1376, 'reply_count': 1500, 'like_count': 6735, 'quote_count': 75, 'bookmark_count': 293, 'impression_count': 1392742}",2026-02-21T08:24:14.000Z,Elon,C
2025106874475901394,Inverse Cramer is rarely wrong 😳 https://t.co/yfKTGCaUFR,44196397,"{'retweet_count': 1826, 'reply_count': 1307, 'like_count': 22837, 'quote_count': 90, 'bookmark_count': 775, 'impression_count': 6200078}",2026-02-21T07:14:38.000Z,Elon,C
2025106332257284372,Yes https://t.co/HU3rQ4mFnH,44196397,"{'retweet_count': 13871, 'reply_count': 2639, 'like_count': 112226, 'quote_count': 213, 'bookmark_count': 2214, 'impression_count': 4711562}",2026-02-21T07:12:28.000Z,Elon,C
2025103546664767773,Bullseye https://t.co/GRUmVFaa1e,44196397,"{'retweet_count': 19794, 'reply_count': 4566, 'like_count': 199765, 'quote_count': 446, 'bookmark_count': 4670, 'impression_count': 6926406}",2026-02-21T07:01:24.000Z,Elon,C
2025102742578921897,Progress https://t.co/dGY0KPsfLu,44196397,"{'retweet_count': 3063, 'reply_count': 2054, 'like_count': 21157, 'quote_count': 111, 'bookmark_count': 314, 'impression_count': 1391679}",2026-02-21T06:58:13.000Z,Elon,C
2025094969761939648,Try https://t.co/op5s4ZikGJ https://t.co/Ze1afuTeyb,44196397,"{'retweet_count': 1285, 'reply_count': 1278, 'like_count': 7327, 'quote_count': 53, 'bookmark_count': 184, 'impression_count': 1181368}",2026-02-21T06:27:19.000Z,Elon,C
2025085656582545532,Nope https://t.co/QHAqPcGJX6,44196397,"{'retweet_count': 7523, 'reply_count': 3000, 'like_count': 51050, 'quote_count': 220, 'bookmark_count': 2141, 'impression_count': 5329422}",2026-02-21T05:50:19.000Z,Elon,C
2025085119321567537,Fair https://t.co/FJl8jrCUUK,44196397,"{'retweet_count': 2130, 'reply_count': 1204, 'like_count': 17025, 'quote_count': 53, 'bookmark_count': 441, 'impression_count': 2913012}",2026-02-21T05:48:11.000Z,Elon,C
2024298575359070498,"🚨 UPDATE: Minnesota fraudster has been arrested before she tried to flee to the UK

Her daycare “Future Leaders Early Learning Center” was involved in the Feeding Our Future scam and had received $3.67 million in CCAP funding in 2025

Goodbye fraudster, you will not be missed:) https://t.co/zREQ78uJ5a",819432501982752768,"{'retweet_count': 17415, 'reply_count': 1868, 'like_count': 88184, 'quote_count': 468, 'bookmark_count': 2493, 'impression_count': 1291240}",2026-02-19T01:42:44.000Z,Nick shirley,C
2024936492083085663,Woke AI ⬇️ https://t.co/IO0cHNKxqk,487297085,"{'retweet_count': 1000, 'reply_count': 532, 'like_count': 5059, 'quote_count': 35, 'bookmark_count': 150, 'impression_count': 607986}",2026-02-20T19:57:35.000Z,Ron DeSantis,C
2024865892816089516,"Yeah, that has proven to be a pretty big advantage over the past 100 years regardless of the city or country. https://t.co/zqclnM6MBT",487297085,"{'retweet_count': 258, 'reply_count': 89, 'like_count': 3848, 'quote_count': 4, 'bookmark_count': 24, 'impression_count': 81549}",2026-02-20T15:17:03.000Z,Ron DeSantis,C
2024860393466953790,Nolan is an absolute legend. https://t.co/kGyagBOOJb,487297085,"{'retweet_count': 77, 'reply_count': 66, 'like_count': 1463, 'quote_count': 1, 'bookmark_count': 11, 'impression_count': 64346}",2026-02-20T14:55:12.000Z,Ron DeSantis,C
2024860201476899231,Florida for the win! https://t.co/fs0KK64wJx,487297085,"{'retweet_count': 227, 'reply_count': 89, 'like_count': 1754, 'quote_count': 4, 'bookmark_count': 41, 'impression_count': 49385}",2026-02-20T14:54:26.000Z,Ron DeSantis,C
2024858076654829654,Some of the best fishing in the world… https://t.co/jQJvkioqKN,487297085,"{'retweet_count': 91, 'reply_count': 37, 'like_count': 982, 'quote_count': 2, 'bookmark_count': 17, 'impression_count': 49108}",2026-02-20T14:46:00.000Z,Ron DeSantis,C
2024623100776562739,“Come on Dorn get in front of the damn ball.  Don’t give me this ‘Oh-lay’ bullsh—.” https://t.co/Mm4XU5FFGI,487297085,"{'retweet_count': 36, 'reply_count': 72, 'like_count': 1000, 'quote_count': 7, 'bookmark_count': 9, 'impression_count': 102685}",2026-02-19T23:12:17.000Z,Ron DeSantis,C
2024621929395867712,"Tokyo is much, much cleaner than NYC (or just about any other city).  It is also much more populous.

That NYC has double the budget is insane. https://t.co/seFscLhNQo",487297085,"{'retweet_count': 2571, 'reply_count': 961, 'like_count': 16627, 'quote_count': 89, 'bookmark_count': 491, 'impression_count': 425962}",2026-02-19T23:07:38.000Z,Ron DeSantis,C
2024487921865347448,"There are now 28 states, including South Carolina.  

The Idaho House just passed it and Kentucky’s Legislature is debating it.  Montana as well when the legislature re-convenes. https://t.co/Cw5jZ8er2e",487297085,"{'retweet_count': 335, 'reply_count': 129, 'like_count': 2850, 'quote_count': 11, 'bookmark_count': 80, 'impression_count': 428768}",2026-02-19T14:15:08.000Z,Ron DeSantis,C
2024478546903621939,We Are Fam-A-Lee https://t.co/w2Zbm8zfzv,487297085,"{'retweet_count': 95, 'reply_count': 76, 'like_count': 1460, 'quote_count': 14, 'bookmark_count': 22, 'impression_count': 115706}",2026-02-19T13:37:53.000Z,Ron DeSantis,C
2024475708593229886,Robert Duvall at his finest.  One of the best scenes in cinematic history. https://t.co/WJncfTI0AI,487297085,"{'retweet_count': 87, 'reply_count': 60, 'like_count': 1270, 'quote_count': 4, 'bookmark_count': 63, 'impression_count': 95029}",2026-02-19T13:26:36.000Z,Ron DeSantis,C
2024871536516075562,The Supreme Court makes plain what should have been obvious: “The power to impose tariffs is “very clearly a branch of the power to tax.” https://t.co/tokdwelQRd,216881337,"{'retweet_count': 1173, 'reply_count': 4877, 'like_count': 7186, 'quote_count': 253, 'bookmark_count': 222, 'impression_count': 455621}",2026-02-20T15:39:29.000Z,Rand Paul,C
2024868110646256028,"In defense of our Republic, the Supreme Court struck down using emergency powers to enact taxes. 

This ruling will also prevent a future President such as AOC from using emergency powers to  enact socialism. https://t.co/M55CZgz4By",216881337,"{'retweet_count': 1842, 'reply_count': 7769, 'like_count': 15467, 'quote_count': 1031, 'bookmark_count': 757, 'impression_count': 2617103}",2026-02-20T15:25:52.000Z,Rand Paul,C
2024856657595904121,"Free speech protects humor and parody. It does not protect false accusations that ruin lives. When Big Tech claims “we don’t assess the truth,” that is not neutrality. https://t.co/jEif7xQ8yW",216881337,"{'retweet_count': 49, 'reply_count': 165, 'like_count': 428, 'quote_count': 14, 'bookmark_count': 19, 'impression_count': 76191}",2026-02-20T14:40:21.000Z,Rand Paul,C
2024501977883840845,US Senators have no power to prosecute but I gathered the evidence for criminal charges and sent it to BOTH the Biden AG and now the Trump AG with the same result — no action from the only people who can prosecute. https://t.co/K22P8BYtPj,216881337,"{'retweet_count': 273, 'reply_count': 197, 'like_count': 2322, 'quote_count': 16, 'bookmark_count': 35, 'impression_count': 141545}",2026-02-19T15:10:59.000Z,Rand Paul,C
2024501613361033695,"This is true, and not enough people trying to solve this problem. https://t.co/jTS9ttAbO7",216881337,"{'retweet_count': 651, 'reply_count': 360, 'like_count': 7011, 'quote_count': 23, 'bookmark_count': 82, 'impression_count': 188810}",2026-02-19T15:09:32.000Z,Rand Paul,C
2024490634782900719,"So, let me get this straight - Stephen “let’s suspend the right of habeas corpus” Miller is opposing reform of spy powers that abused President Trump, 8 US Senators, and countless private citizens? Advocating for warrantless abuse of Americans is MAGA??  https://t.co/DN8lLJ1but",216881337,"{'retweet_count': 432, 'reply_count': 165, 'like_count': 1978, 'quote_count': 16, 'bookmark_count': 79, 'impression_count': 73180}",2026-02-19T14:25:55.000Z,Rand Paul,C
2024490533175935384,Deepfake lies can wreck an election in days. Free speech means you can mock politicians. It does not mean you can falsely accuse someone of crimes or treason. We need real accountability for defamation while protecting satire and dissent. https://t.co/6ceVTatNLA,216881337,"{'retweet_count': 173, 'reply_count': 197, 'like_count': 1709, 'quote_count': 13, 'bookmark_count': 36, 'impression_count': 122321}",2026-02-19T14:25:30.000Z,Rand Paul,C
2024928034667545067,"Today, the Supreme Court decided that Congress, despite giving the president the ability to ""regulate imports"", didn't actually mean it. This is lawlessness from the Court, plain and simple. And its only effect will be to make it harder for the president to protect American",1542228578,"{'retweet_count': 7178, 'reply_count': 13043, 'like_count': 52194, 'quote_count': 1549, 'bookmark_count': 1611, 'impression_count': 4703088}",2026-02-20T19:23:59.000Z,JD Vance,C
2024533026709856613,"⁨⁨The President's pursuit of peace around the world is also a mission for prosperity right here in America.

Proud to take part in President Trump's historic Board of Peace meeting in Washington this morning.⁩ https://t.co/ptj86PFsDZ",1542228578,"{'retweet_count': 2714, 'reply_count': 3638, 'like_count': 18560, 'quote_count': 177, 'bookmark_count': 251, 'impression_count': 452241}",2026-02-19T17:14:22.000Z,JD Vance,C
2024622981256003913,Slashing property taxes &amp; supporting public safety aren’t mutually exclusive. We just need strong executive leadership at the top. https://t.co/4qS7lqaoYP,1227799690579718144,"{'retweet_count': 82, 'reply_count': 151, 'like_count': 1233, 'quote_count': 8, 'bookmark_count': 23, 'impression_count': 123542}",2026-02-19T23:11:49.000Z,Vivek Ramaswamy,C
2024543686575739360,"Mamdani just said the only way to avoid local property tax increases is to raise state taxes massively. It’s funny, Amy Acton effectively said the exact same thing last week when she criticized Ohio’s recent income tax cuts. Sorry folks, this is America, not a socialist",1227799690579718144,"{'retweet_count': 1316, 'reply_count': 380, 'like_count': 15855, 'quote_count': 27, 'bookmark_count': 179, 'impression_count': 398986}",2026-02-19T17:56:43.000Z,Vivek Ramaswamy,C
2024508824200368583,"We’re going to bring down property taxes, improve our schools, and preserve public safety. That requires a businessman, not a bureaucrat. https://t.co/185aAED85O",1227799690579718144,"{'retweet_count': 323, 'reply_count': 463, 'like_count': 4018, 'quote_count': 25, 'bookmark_count': 25, 'impression_count': 265831}",2026-02-19T15:38:11.000Z,Vivek Ramaswamy,C
2024289622126428506,Grateful to our dairy farmers across the state. Enjoyed spending time &amp; learning from them this week. 🙏 https://t.co/BDnmjw3Z5s,1227799690579718144,"{'retweet_count': 78, 'reply_count': 226, 'like_count': 1006, 'quote_count': 10, 'bookmark_count': 12, 'impression_count': 99826}",2026-02-19T01:07:10.000Z,Vivek Ramaswamy,C
2024517151487303797,"Joint House Republican leadership endorsement statement with @SteveScaliseGOP, @tomemmer, and @LisaForCongress:

Jon Bonck is an America First patriot who will help us continue to deliver safe streets, secure borders, lower costs, and peace through strength. As a leader in https://t.co/IwPakHbfKl",4849654052,"{'retweet_count': 21, 'reply_count': 50, 'like_count': 92, 'quote_count': 9, 'bookmark_count': 2, 'impression_count': 4288}",2026-02-19T16:11:17.000Z,Mike Johnson,C
2024982648066588781,"Met with UK Foreign Secretary @YvetteCooperMP earlier today to discuss our continued diplomatic efforts to end the Russia-Ukraine war. We also spoke about the importance of cooperation in Syria and the implementation of Phase Two in Gaza, as well as our shared focus on securing a https://t.co/qQinAQTy1g",1858947201709305856,"{'retweet_count': 528, 'reply_count': 599, 'like_count': 3361, 'quote_count': 38, 'bookmark_count': 64, 'impression_count': 101511}",2026-02-20T23:01:00.000Z,Secretary Marco Rubio,C
2024971418245415351,I met with President @VjosaOsmaniPRKS and thanked her and the people of Kosovo for their commitment to peace and stability by being a founding member of the Board of Peace. I also thanked President Osmani for her contributions to the International Stabilization Force in Gaza. https://t.co/iB3reNY1Ok,1858947201709305856,"{'retweet_count': 730, 'reply_count': 349, 'like_count': 5574, 'quote_count': 44, 'bookmark_count': 98, 'impression_count': 115356}",2026-02-20T22:16:22.000Z,Secretary Marco Rubio,C
2024863334827282906,The Trump Administration continues to protect America’s economic prosperity by ensuring peace and security in our hemisphere. Today @StateDept is taking steps to impose U.S. visa restrictions on Chilean government officials who are working against our interests and harming,1858947201709305856,"{'retweet_count': 4053, 'reply_count': 2321, 'like_count': 23265, 'quote_count': 545, 'bookmark_count': 467, 'impression_count': 1067283}",2026-02-20T15:06:53.000Z,Secretary Marco Rubio,C
2024697352049868921,My meeting with @MOFAVietNam Foreign Minister Trung celebrated how our countries’ Comprehensive Strategic Partnership leads to greater prosperity and security in the Indo-Pacific region. I also shared our thanks for Vietnam’s support for the Board of Peace as a founding member. https://t.co/HsjugjXXCz,1858947201709305856,"{'retweet_count': 546, 'reply_count': 262, 'like_count': 3738, 'quote_count': 30, 'bookmark_count': 72, 'impression_count': 118052}",2026-02-20T04:07:20.000Z,Secretary Marco Rubio,C
2024688667626029221,"Met with Foreign Minister Sugiono today to deepen our countries’ economic and security cooperation. Indonesia is a valued partner in promoting a secure and prosperous Indo-Pacific region, and I thanked him for Indonesia’s support for the Board of Peace as a founding member. https://t.co/j51NNeymcA",1858947201709305856,"{'retweet_count': 490, 'reply_count': 207, 'like_count': 3364, 'quote_count': 27, 'bookmark_count': 65, 'impression_count': 76919}",2026-02-20T03:32:49.000Z,Secretary Marco Rubio,C
2024667114377007561,"Wrapped-up an important discussion with UAE Foreign Minister @ABZayed on implementing Phase Two of President Trump’s Gaza peace plan, and the important work of the Board of Peace. We also discussed ongoing U.S.-UAE economic collaboration, including on AI, and continued https://t.co/IHc3zgxm2A",1858947201709305856,"{'retweet_count': 573, 'reply_count': 282, 'like_count': 3217, 'quote_count': 29, 'bookmark_count': 72, 'impression_count': 154012}",2026-02-20T02:07:11.000Z,Secretary Marco Rubio,C
2024654943748227251,"Paraguay’s President @SantiPenap was among the first world leaders I met as Secretary of State, and we’ve found many ways to partner together over the last year. Good to see him again to discuss expanding U.S.-Paraguay investment opportunities and our shared commitment to https://t.co/e1wv5m6oVr",1858947201709305856,"{'retweet_count': 1545, 'reply_count': 267, 'like_count': 9765, 'quote_count': 43, 'bookmark_count': 137, 'impression_count': 148227}",2026-02-20T01:18:49.000Z,Secretary Marco Rubio,C
2024614315018310132,"Met today with Pakistani Prime Minister @CMShehbaz. Appreciate Pakistan’s ongoing support of @POTUS’s Peace Plan for Gaza and for joining the Board of Peace. In our meeting, we discussed the importance of our strategic relationship on critical minerals development and https://t.co/vMSl6i4bvz",1858947201709305856,"{'retweet_count': 1189, 'reply_count': 1586, 'like_count': 6942, 'quote_count': 155, 'bookmark_count': 176, 'impression_count': 317519}",2026-02-19T22:37:22.000Z,Secretary Marco Rubio,C
2024516008388501852,"There is no plan B for Gaza. Plan B is going back to war.

Plan A, the only path forward, is one that rebuilds Gaza in a way of enduring and sustainable peace where no one has to worry about returning to conflict, human suffering, and destruction. https://t.co/BCMBhoCe84",1858947201709305856,"{'retweet_count': 4526, 'reply_count': 2915, 'like_count': 27988, 'quote_count': 258, 'bookmark_count': 632, 'impression_count': 695640}",2026-02-19T16:06:44.000Z,Secretary Marco Rubio,C
2024907247457800462,"Paid partnerships with:

Masa Chips: Get 25% off with code TUCKER at https://t.co/g9IdcWAkRE

Paleovalley: Use code TUCKER &amp; get 20% off your first order at https://t.co/IPUD3eJl4f

Hallow prayer app: Get 3 months free at https://t.co/Ku9UV0OOOY

Brooklyn Bedding: Get 30% off",22703645,"{'retweet_count': 47, 'reply_count': 91, 'like_count': 558, 'quote_count': 0, 'bookmark_count': 18, 'impression_count': 212509}",2026-02-20T18:01:23.000Z,Tucker Carlson,C
2024906966859219144,"The Mike Huckabee interview, and the truth about America’s deeply unhealthy relationship with Israel.

(0:00) Why We Were Interrogated in Israel
(25:38) Why Did Huckabee Meet With American Traitor Jonathan Pollard?
(34:26) Has Huckabee Advocated to Extradite Sex Offenders Who https://t.co/wPoF4GfSpt",22703645,"{'retweet_count': 8830, 'reply_count': 4305, 'like_count': 32777, 'quote_count': 796, 'bookmark_count': 9949, 'impression_count': 2579582}",2026-02-20T18:00:16.000Z,Tucker Carlson,C
2024288247732404288,"Paid partnerships with:

Hallow prayer app: Get 3 months free at https://t.co/Ku9UV0OOOY

Cowboy Colostrum: Get 25% off your entire order with code TUCKER at https://t.co/FfZTrniqmx

Black Rifle Coffee: Promo code ""Tucker"" for 30% off at https://t.co/RVr4MwnL2Y",22703645,"{'retweet_count': 112, 'reply_count': 205, 'like_count': 1473, 'quote_count': 11, 'bookmark_count': 74, 'impression_count': 663371}",2026-02-19T01:01:42.000Z,Tucker Carlson,C
2024287823256572261,How does Israel treat Christians? We spoke to one whose family has lived there since Jesus. His story is shocking. https://t.co/e4U8Jn6v24,22703645,"{'retweet_count': 10102, 'reply_count': 3316, 'like_count': 39181, 'quote_count': 754, 'bookmark_count': 9058, 'impression_count': 3829273}",2026-02-19T01:00:01.000Z,Tucker Carlson,C
2024500263659208963,And when it happens they’ll blame me and Tucker Carlson somehow.,878247600096509952,"{'retweet_count': 679, 'reply_count': 1150, 'like_count': 17805, 'quote_count': 29, 'bookmark_count': 113, 'impression_count': 440448}",2026-02-19T15:04:10.000Z,Candace Owens,C
2024499946209108182,This is true. https://t.co/SOu7Ug8Y2a,878247600096509952,"{'retweet_count': 2925, 'reply_count': 1663, 'like_count': 42606, 'quote_count': 103, 'bookmark_count': 887, 'impression_count': 2346569}",2026-02-19T15:02:55.000Z,Candace Owens,C
2024983082785239229,"This week, Libs of TikTok reported on MORE transgender violence, career criminals terrorizing Americans, and free speech attacks against Conservative students.

Democrats and mainstream media don't want to talk about those stories.

But we will 👇
https://t.co/5rKZrcaTdy",1326229737551912960,"{'retweet_count': 1053, 'reply_count': 82, 'like_count': 4043, 'quote_count': 8, 'bookmark_count': 141, 'impression_count': 331975}",2026-02-20T23:02:43.000Z,Libs of TikTok,C
2024969451217580125,"His impeachment was DISMISSED for political bias!

https://t.co/Le6F5xf9hL",1326229737551912960,"{'retweet_count': 499, 'reply_count': 34, 'like_count': 2851, 'quote_count': 10, 'bookmark_count': 28, 'impression_count': 66903}",2026-02-20T22:08:33.000Z,Libs of TikTok,C
2024966801730212345,"HOLY SH*T: Students at @QCSD_Schools reportedly ARRESTED after 35 students stormed out of school to protest ICE despite the walkout being canceled. The school was then placed in a lockdown.

Law enforcement officials report that the students engaged in ""unsafe and disruptive https://t.co/pAFc9aMobO https://t.co/lkKpkBnSo9",1326229737551912960,"{'retweet_count': 1923, 'reply_count': 245, 'like_count': 7121, 'quote_count': 53, 'bookmark_count': 196, 'impression_count': 270003}",2026-02-20T21:58:02.000Z,Libs of TikTok,C
2024956746893037720,"UPDATE: The Articles of Impeachment against Iowa State University Student Body President Cobly Brandt have been DISMISSED.

It was determined that the articles against him were politically biased and a violation of his First Amendment rights.

AMAZING 👏 https://t.co/cxUmxrsoPV https://t.co/057ZqJQyij",1326229737551912960,"{'retweet_count': 2549, 'reply_count': 265, 'like_count': 10675, 'quote_count': 92, 'bookmark_count': 195, 'impression_count': 280601}",2026-02-20T21:18:04.000Z,Libs of TikTok,C
2024950766406947192,"JUST IN: Gina LaPlaca, the former Democratic mayor and current city committee member of Lumberton, NJ, had her application for pretrial intervention REJECTED after she was arrested for driving drunk with her child in the car.

She will now have to enter a plea agreement or face https://t.co/LZt1zf5OBj https://t.co/rHL0XubMZ7",1326229737551912960,"{'retweet_count': 1916, 'reply_count': 175, 'like_count': 6900, 'quote_count': 29, 'bookmark_count': 105, 'impression_count': 174611}",2026-02-20T20:54:19.000Z,Libs of TikTok,C
2024936301338751443,"NEW: Jean Torres-Roman and Newman Castillo Delgado, criminal illegals and members of Tren de Aragua, were sentenced to nearly 20 years each for the armed robbery of a jewelry store in Texas.

These are the people that Democrats don't want ICE to deport.

https://t.co/AELd2vxjAx",1326229737551912960,"{'retweet_count': 934, 'reply_count': 63, 'like_count': 5117, 'quote_count': 12, 'bookmark_count': 79, 'impression_count': 80400}",2026-02-20T19:56:50.000Z,Libs of TikTok,C
2024931959105900963,"JUST IN: Trump announces that he will sign a new order imposing an additional GLOBAL 10% tariff under Section 122 following the Supreme Court's decision.

https://t.co/S0odLa6XT9",1326229737551912960,"{'retweet_count': 843, 'reply_count': 177, 'like_count': 8283, 'quote_count': 26, 'bookmark_count': 103, 'impression_count': 132835}",2026-02-20T19:39:35.000Z,Libs of TikTok,C
2024929411934367884,"LMAO. Trump just OBLITERATED fake news CNN when they attempted to ask him a question

""I don't talk to CNN. It's FAKE NEWS."" 🤣🤣🤣 https://t.co/aVNuZqiVtP",1326229737551912960,"{'retweet_count': 702, 'reply_count': 183, 'like_count': 7491, 'quote_count': 12, 'bookmark_count': 114, 'impression_count': 107900}",2026-02-20T19:29:27.000Z,Libs of TikTok,C
2024928978876989518,"BREAKING: Trump announces that the Supreme Court's decision on tariffs has actually made the President's ability to impose tariffs ""MORE POWERFUL"" rather than less.

""I don't think the court meant that... The ability to block, embargo, restrict, license, or impose any other https://t.co/UKTfAQCt8Z",1326229737551912960,"{'retweet_count': 777, 'reply_count': 170, 'like_count': 5327, 'quote_count': 26, 'bookmark_count': 180, 'impression_count': 211461}",2026-02-20T19:27:44.000Z,Libs of TikTok,C
2024619399525597574,"DEI Disaster: Washington DC Is Now Literally Flooded with Poop | Ep. 1736

https://t.co/4eBMIHBN8R",1500129642,"{'retweet_count': 361, 'reply_count': 250, 'like_count': 1978, 'quote_count': 15, 'bookmark_count': 78, 'impression_count': 338924}",2026-02-19T22:57:35.000Z,Matt Walsh,C
2024573547004228100,"If Trump invades Canada and overthrows their regime, I volunteer to be the interim governor of our new province until a new leader is selected",1500129642,"{'retweet_count': 755, 'reply_count': 1862, 'like_count': 15257, 'quote_count': 144, 'bookmark_count': 147, 'impression_count': 378115}",2026-02-19T19:55:23.000Z,Matt Walsh,C
2024570925270606011,I realize that first point is a great disappointment to many people,1500129642,"{'retweet_count': 49, 'reply_count': 157, 'like_count': 3960, 'quote_count': 4, 'bookmark_count': 20, 'impression_count': 178236}",2026-02-19T19:44:57.000Z,Matt Walsh,C
2024570922049425695,"Well I don’t want to kill myself, castrate my children, commit infanticide or burn a church, so I really have no reason to go to Canada anyway https://t.co/5v4sYGeMXH",1500129642,"{'retweet_count': 2377, 'reply_count': 963, 'like_count': 32213, 'quote_count': 99, 'bookmark_count': 316, 'impression_count': 711809}",2026-02-19T19:44:57.000Z,Matt Walsh,C
2024561411423109343,"I’m generally opposed to milking these franchises dry until they’re nothing but a shriveled husk, but if this movie is going to villainize iPads and scold parents who use screens to babysit their kids then I wholly support it. This may be the only “part 5” movie that has ever had https://t.co/OucD2eKi3q",1500129642,"{'retweet_count': 5264, 'reply_count': 511, 'like_count': 77553, 'quote_count': 117, 'bookmark_count': 5467, 'impression_count': 3861301}",2026-02-19T19:07:09.000Z,Matt Walsh,C
2024491774484324563,"Just out of curiosity: who did you report me to, exactly? https://t.co/yVrQVQopic",1500129642,"{'retweet_count': 238, 'reply_count': 468, 'like_count': 10916, 'quote_count': 9, 'bookmark_count': 70, 'impression_count': 364736}",2026-02-19T14:30:26.000Z,Matt Walsh,C
2024491341565104373,Why? So they can shake my hand and agree with me? https://t.co/m0ajqXN8Cg,1500129642,"{'retweet_count': 659, 'reply_count': 1156, 'like_count': 14237, 'quote_count': 46, 'bookmark_count': 71, 'impression_count': 274141}",2026-02-19T14:28:43.000Z,Matt Walsh,C
2024473387217674453,Euthanasia is one of the leading causes of death in Canada. 5 percent of all deaths in the country are from doctor assisted suicide. And many of them are not even terminally ill. People get sick or depressed and Canada just puts them down like stray dogs. It's insane. Pure evil.,1500129642,"{'retweet_count': 5860, 'reply_count': 2275, 'like_count': 36077, 'quote_count': 393, 'bookmark_count': 1110, 'impression_count': 821187}",2026-02-19T13:17:23.000Z,Matt Walsh,C
2024998502535741580,Multiculturalism in theory vs practice: https://t.co/u6ISUbqfdq,1552795969959636992,"{'retweet_count': 1819, 'reply_count': 108, 'like_count': 18727, 'quote_count': 19, 'bookmark_count': 475, 'impression_count': 178214}",2026-02-21T00:04:00.000Z,End Wokeness,C
2024965860800987605,"MN Somali tries to demand reparations, but can't speak English https://t.co/HDg67d1EIV",1552795969959636992,"{'retweet_count': 1850, 'reply_count': 2131, 'like_count': 11130, 'quote_count': 358, 'bookmark_count': 627, 'impression_count': 400827}",2026-02-20T21:54:17.000Z,End Wokeness,C
2024961553347330503,BREAKING: Somali community in MN is now demanding reparations over ICE trauma https://t.co/DF1sQF1gNo,1552795969959636992,"{'retweet_count': 4073, 'reply_count': 13799, 'like_count': 19099, 'quote_count': 2457, 'bookmark_count': 1924, 'impression_count': 2319365}",2026-02-20T21:37:10.000Z,End Wokeness,C
2024952053642985540,Conquered without a shot fired https://t.co/0hELOVYYBK,1552795969959636992,"{'retweet_count': 4791, 'reply_count': 651, 'like_count': 41361, 'quote_count': 96, 'bookmark_count': 1104, 'impression_count': 644830}",2026-02-20T20:59:26.000Z,End Wokeness,C
2024905840931541497,"🚨NO PRISON TIME🚨

Joshua Danehower gets ""insanity plea""

He kiIIed CEO Gret Glyer in his bed as he was sleeping next to his wife, shot 10x, wrote a manifesto (Fairfax, VA) https://t.co/WSLUZLDrOc",1552795969959636992,"{'retweet_count': 978, 'reply_count': 237, 'like_count': 5135, 'quote_count': 51, 'bookmark_count': 305, 'impression_count': 405881}",2026-02-20T17:55:48.000Z,End Wokeness,C
2024894064018305178,"""The Supreme Court blocked it but it did not stop me"" - Biden https://t.co/exPouCRTEm",1552795969959636992,"{'retweet_count': 3417, 'reply_count': 279, 'like_count': 12776, 'quote_count': 348, 'bookmark_count': 1617, 'impression_count': 287174}",2026-02-20T17:09:00.000Z,End Wokeness,C
2024889444608643536,I'm literally shaking https://t.co/cJoPkZYLLf https://t.co/zOAjJEEZdb,1552795969959636992,"{'retweet_count': 1274, 'reply_count': 402, 'like_count': 32133, 'quote_count': 79, 'bookmark_count': 1354, 'impression_count': 2241511}",2026-02-20T16:50:38.000Z,End Wokeness,C
2024885550675632301,"""The Biden Administration should ignore the court"" - AOC, 2023 https://t.co/kyMeb5MlN4",1552795969959636992,"{'retweet_count': 2547, 'reply_count': 257, 'like_count': 10461, 'quote_count': 229, 'bookmark_count': 1467, 'impression_count': 290863}",2026-02-20T16:35:10.000Z,End Wokeness,C
2024727658303549730,"""Leave our taxes alone!!!""

NY Democrats are not happy with the new plan by Mayor Mamdani to raise taxes on middle class: https://t.co/NUC5RYx7MF",1552795969959636992,"{'retweet_count': 5700, 'reply_count': 6088, 'like_count': 35631, 'quote_count': 1348, 'bookmark_count': 1887, 'impression_count': 2724432}",2026-02-20T06:07:46.000Z,End Wokeness,C
2024641386683744605,"Star Trek just got its ""first gay Klingon""

These writers despise the fans https://t.co/RBoGGonwKb",1552795969959636992,"{'retweet_count': 1562, 'reply_count': 2017, 'like_count': 20278, 'quote_count': 427, 'bookmark_count': 716, 'impression_count': 1043856}",2026-02-20T00:24:57.000Z,End Wokeness,C
2025028181758030151,"🚨 MUST WATCH: Journalist Barry Levine says Jeffrey Epstein BRIBED Customs and Border Officials in the VIRGIN ISLANDS 🚨

“Epstein knew he needed cooperation from customs officials. He sent turkeys at Thanksgiving, cannolis on Christmas Eve, offered financial advice, invited them https://t.co/i4AcMvzvyE",56561449,"{'retweet_count': 680, 'reply_count': 66, 'like_count': 2261, 'quote_count': 7, 'bookmark_count': 76, 'impression_count': 108368}",2026-02-21T02:01:56.000Z,Jesse Watters,C
2025025915848200545,🚨 EXCLUSIVE: Primetime just OBTAINED PHOTOS of the COCAINE found inside of the BIDEN WHITE HOUSE 🚨 https://t.co/eONnowUDUG,56561449,"{'retweet_count': 1506, 'reply_count': 504, 'like_count': 7198, 'quote_count': 63, 'bookmark_count': 377, 'impression_count': 298532}",2026-02-21T01:52:56.000Z,Jesse Watters,C
2025025615867367877,"🚨 JUST IN: The Epstein BLAST RADIUS is EXPANDING after Former Prince Andrew’s ARREST 🚨

Bill Gates just CANCELED a BIG SPEECH in India 🤯

Bard College is INVESTIGATING its PRESIDENT 🔥

Obama’s White House Counsel is STEPPING DOWN from Goldman Sachs  💣

Epstein’s New Mexico https://t.co/Xouv1jeAZr",56561449,"{'retweet_count': 7485, 'reply_count': 663, 'like_count': 28525, 'quote_count': 177, 'bookmark_count': 1653, 'impression_count': 988452}",2026-02-21T01:51:44.000Z,Jesse Watters,C
2025024772929626403,"NEW: The “DICTATOR’S” Court just RULED AGAINST him… and Gavin Newsom is now BEGGING for “TARIFF REFUNDS” 🚨

Does that mean we get a REFUND for the BILLIONS of DOLLARS that BIDEN spent on MIGRANTS? 💰

Democrats are RAIDING TAXPAYER’S POCKETS— they just ADMITTED IT. What https://t.co/ui26PqQmgL",56561449,"{'retweet_count': 1460, 'reply_count': 245, 'like_count': 6314, 'quote_count': 33, 'bookmark_count': 215, 'impression_count': 138497}",2026-02-21T01:48:23.000Z,Jesse Watters,C
2024680421972152420,"Johnny: Who was the first president of the United States? 🇺🇸

Girl: ummmmmm😬🤷🏻‍♀️

Does anyone REMEMBER our Presidential HISTORY? 😳 https://t.co/oX2E8jFGy1",56561449,"{'retweet_count': 176, 'reply_count': 152, 'like_count': 1165, 'quote_count': 7, 'bookmark_count': 55, 'impression_count': 64037}",2026-02-20T03:00:03.000Z,Jesse Watters,C
2024668463453618459,"NEW: The wealth gap is the WIDEST since the ROARING 20s… and history’s giving billionaires a WARNING 🚨

When the party gets TOO BIG at the TOP… the pitchforks aren’t far behind 🔥

So here’s some FREE advice: it’s time for a little BREAD &amp; CIRCUSES 🍔🎪 https://t.co/qoSul1QPnx",56561449,"{'retweet_count': 175, 'reply_count': 83, 'like_count': 1390, 'quote_count': 2, 'bookmark_count': 95, 'impression_count': 159086}",2026-02-20T02:12:32.000Z,Jesse Watters,C
2024664980428099980,"NEW: Bernie Sanders just BIGFOOTED Gavin Newsom… in his OWN STATE 🚨

Bernie’s throwing his WEIGHT behind AOC for 2028… as a FINAL DIG to the DEMOCRAT MACHINE pumping up NEWSOM 🔥

Stephen A. Smith is telling both sides to GROW UP 🤣🤣

Meanwhile, Trump’s back on the STUMP… https://t.co/HkeDUr1hCJ",56561449,"{'retweet_count': 429, 'reply_count': 69, 'like_count': 3253, 'quote_count': 4, 'bookmark_count': 67, 'impression_count': 144270}",2026-02-20T01:58:42.000Z,Jesse Watters,C
2024664027960365545,"JUST IN: Senator John Fetterman REACTS to AOC’S overseas WORD SALAD 🥗🚨

“To sit in Germany and accuse Israel of genocide—while you’re in Germany—shows a real lack of awareness” 🚨 https://t.co/zS7l3uPdVQ",56561449,"{'retweet_count': 7368, 'reply_count': 418, 'like_count': 50094, 'quote_count': 99, 'bookmark_count': 854, 'impression_count': 683585}",2026-02-20T01:54:55.000Z,Jesse Watters,C
2024663463046394150,"NEW: Senator John Fetterman just CALLED OUT Gavin Newsom and Democrats who plotting to BOYCOTT the State of the Union 🚨

“I like him personally. I DON’T agree with some of his views on certain things” 🔥

“There’s no dignity in holding up paddles, yelling, or making a spectacle” https://t.co/MCHN0iKDT2",56561449,"{'retweet_count': 1051, 'reply_count': 141, 'like_count': 8685, 'quote_count': 12, 'bookmark_count': 93, 'impression_count': 249623}",2026-02-20T01:52:40.000Z,Jesse Watters,C
2024662511732105286,"BREAKING: Trump has just ordered Secretary of War Pete Hegseth to RELEASE the ALIEN FILES 🛸🚨

Senator John Fetterman says the ODDS are “PRETTY HIGH” that ALIENS ARE OUT THERE 🔥

“I think LIFE probably EXISTS SOMEWHERE” 👽 https://t.co/9Xf8Z1yW0X",56561449,"{'retweet_count': 1263, 'reply_count': 1225, 'like_count': 10463, 'quote_count': 89, 'bookmark_count': 596, 'impression_count': 632151}",2026-02-20T01:48:53.000Z,Jesse Watters,C
2025202415348170988,😈🚨🚨OVER THE TOP: Watch Alan Dershowitz claim that the CIA and Mossad are above the law. According to him they have a license to r@pe children…🚨🚨😈 https://t.co/mUZ9V09ni4,109065990,"{'retweet_count': 134, 'reply_count': 56, 'like_count': 338, 'quote_count': 6, 'bookmark_count': 36, 'impression_count': 17524}",2026-02-21T13:34:16.000Z,Alex Jones,C
2025183981709181435,Huckabee is 100% in a cult. https://t.co/NW8aGDZ9Rc,109065990,"{'retweet_count': 452, 'reply_count': 581, 'like_count': 4253, 'quote_count': 26, 'bookmark_count': 114, 'impression_count': 119595}",2026-02-21T12:21:01.000Z,Alex Jones,C
2025178212234391662,"🚨 “Okay, so knowing that the entertainment industry, big tech, and government is run by perverts and psychopaths, but not seeing any arrests is causing high blood pressure and stress in the population.” 

America wishes this was real.. https://t.co/RBgyoOtLcX https://t.co/bdgnY1qbpw",109065990,"{'retweet_count': 379, 'reply_count': 112, 'like_count': 2060, 'quote_count': 21, 'bookmark_count': 222, 'impression_count': 202585}",2026-02-21T11:58:06.000Z,Alex Jones,C
2025176118563643499,"I don’t support vigilante justice against the satanic pedophile networks at this point and time. That’s because it would turn them in to victims and we need to interrogate them first. 

That said with The GREAT AWAKENING exploding across the planet, one way or another they will https://t.co/b1nezPSGzb",109065990,"{'retweet_count': 201, 'reply_count': 279, 'like_count': 1307, 'quote_count': 7, 'bookmark_count': 69, 'impression_count': 265260}",2026-02-21T11:49:47.000Z,Alex Jones,C
2025169570697195823,Bottom line Silver is being artificially suppressed with naked shorts. Kirk Elliott and I agree that there’s no way global forces can suppress it for more than a month longer.. https://t.co/SICsZAPyuj,109065990,"{'retweet_count': 63, 'reply_count': 37, 'like_count': 328, 'quote_count': 2, 'bookmark_count': 57, 'impression_count': 45752}",2026-02-21T11:23:46.000Z,Alex Jones,C
2025163478860771748,Tomorrow’s news today…. https://t.co/TOvXqRCnY1,109065990,"{'retweet_count': 81, 'reply_count': 58, 'like_count': 375, 'quote_count': 4, 'bookmark_count': 33, 'impression_count': 31208}",2026-02-21T10:59:33.000Z,Alex Jones,C
2025075761443459489,"» For Decades, Alex Jones Has Exposed The Satanic Pedophile Cults That Run The World https://t.co/1plgSv11YZ",109065990,"{'retweet_count': 838, 'reply_count': 142, 'like_count': 3323, 'quote_count': 26, 'bookmark_count': 675, 'impression_count': 108723}",2026-02-21T05:11:00.000Z,Alex Jones,C
2025008343970930912,"FULL FRIDAY EDITION OF THE ALEX JONES SHOW: Supreme Court Sides With China Against American Workers/National Security, Overturns Emergency Tariffs! Trump Announces Plan To Release UFO/Alien Files Days After Obama Says ETs Are Real! PLUS, Massie Moves To Block Trump’s Protection https://t.co/Ps2kePvvSA",109065990,"{'retweet_count': 141, 'reply_count': 42, 'like_count': 349, 'quote_count': 4, 'bookmark_count': 71, 'impression_count': 44095}",2026-02-21T00:43:06.000Z,Alex Jones,C
2025005747650593187,"KEY ANALYSIS: ""They Were Neutralizing Trump Before His Move To Declassify The UFO File In July!""

Dark Journalist Breaks Down The Tug-Of-War Happening Between President Trump &amp; Former President Obama Over UFO Disclosure 

""This Goes To The Heart Of The Shadow Government!"" https://t.co/oDq1BmEUaI https://t.co/zSD1psMoCV",109065990,"{'retweet_count': 230, 'reply_count': 72, 'like_count': 1041, 'quote_count': 6, 'bookmark_count': 235, 'impression_count': 212796}",2026-02-21T00:32:47.000Z,Alex Jones,C
2025002976306205071,"Dark Journalist: Trump UFO File Gambit Of The Century VS Deep State X-Protect Final Card!

Daniel Liszt Lays Out Who The X-Protect Group Is &amp; Answers The Question:

How Could A Group Inside The Government Get Enough Power To Blackmail The Government With Their Own Advanced https://t.co/2ydPAwPTaB https://t.co/zSD1psMoCV",109065990,"{'retweet_count': 211, 'reply_count': 52, 'like_count': 603, 'quote_count': 9, 'bookmark_count': 177, 'impression_count': 74155}",2026-02-21T00:21:46.000Z,Alex Jones,C
2024970454536953909,Jesus Christ is God. https://t.co/115CVaxF7A,2442888666,"{'retweet_count': 2481, 'reply_count': 1889, 'like_count': 41541, 'quote_count': 208, 'bookmark_count': 759, 'impression_count': 1321621}",2026-02-20T22:12:33.000Z,Nicholas J. Fuentes,C
2024875496526205105,"Golden Age Update:
• Tariffs rescinded and refunded
• 3 million unreleased Epstein Files
• Iran War restarting soon
• Ukraine War ongoing
• Minneapolis surrendered to illegals
• Mass deportations cancelled
• Greenland invasion cancelled
• Midterm defeat guaranteed",2442888666,"{'retweet_count': 5325, 'reply_count': 1888, 'like_count': 50872, 'quote_count': 302, 'bookmark_count': 3097, 'impression_count': 1335909}",2026-02-20T15:55:13.000Z,Nicholas J. Fuentes,C
2025115730417418734,"Guys are waking up that drinking is only to get women...

However, since most women are insufferable, they don't want to waste their time, money, health, and energy and in pursuit of women like millennials
did. https://t.co/INl0qHfnLc",1721139282092429312,"{'retweet_count': 140, 'reply_count': 121, 'like_count': 2902, 'quote_count': 7, 'bookmark_count': 197, 'impression_count': 124706}",2026-02-21T07:49:49.000Z,Myron Gaines,C
2025114050158367090,https://t.co/yhJVBuzGHN https://t.co/8YPN1IEIOE,1721139282092429312,"{'retweet_count': 9, 'reply_count': 4, 'like_count': 129, 'quote_count': 0, 'bookmark_count': 13, 'impression_count': 6426}",2026-02-21T07:43:09.000Z,Myron Gaines,C
2025111590211600710,"More emphasis needs to be brought to women actually being wives and mothers than sex objects like this woman was becoming. 

And she died for it... https://t.co/JxWnJeQwR7",1721139282092429312,"{'retweet_count': 23, 'reply_count': 30, 'like_count': 409, 'quote_count': 1, 'bookmark_count': 29, 'impression_count': 28247}",2026-02-21T07:33:22.000Z,Myron Gaines,C
2025053517220565473,"This is what being blue pilled and rich does to you. 

Bro is trapped with a gold digging, disrespectful wife that is threatening to take 50% of his assets... https://t.co/fzIkYHSum0",1721139282092429312,"{'retweet_count': 42, 'reply_count': 48, 'like_count': 781, 'quote_count': 2, 'bookmark_count': 102, 'impression_count': 81931}",2026-02-21T03:42:36.000Z,Myron Gaines,C
2025049472498008564,"Hahahaha. Kai is a respected creator with talent, you're a 304. 

Trying to put yourself in the same category is comical. https://t.co/Sk0Mlgo85X",1721139282092429312,"{'retweet_count': 34, 'reply_count': 61, 'like_count': 588, 'quote_count': 2, 'bookmark_count': 51, 'impression_count': 45466}",2026-02-21T03:26:32.000Z,Myron Gaines,C
2024949063582454054,Why Joe Rogan Won’t Have Me On.. https://t.co/Pl37NeBGju,1721139282092429312,"{'retweet_count': 21, 'reply_count': 46, 'like_count': 271, 'quote_count': 1, 'bookmark_count': 16, 'impression_count': 22017}",2026-02-20T20:47:33.000Z,Myron Gaines,C
2024948983731204155,Exposing The Two Clowns https://t.co/TlblwRxZyD,1721139282092429312,"{'retweet_count': 19, 'reply_count': 14, 'like_count': 270, 'quote_count': 0, 'bookmark_count': 14, 'impression_count': 15158}",2026-02-20T20:47:14.000Z,Myron Gaines,C
2024942280096764393,Hahaha https://t.co/hK0b9ufSiz,1721139282092429312,"{'retweet_count': 76, 'reply_count': 40, 'like_count': 1395, 'quote_count': 3, 'bookmark_count': 49, 'impression_count': 37961}",2026-02-20T20:20:35.000Z,Myron Gaines,C
2024935132159696947,Facts https://t.co/kG4XXiF5Po,1721139282092429312,"{'retweet_count': 12, 'reply_count': 5, 'like_count': 255, 'quote_count': 0, 'bookmark_count': 9, 'impression_count': 20074}",2026-02-20T19:52:11.000Z,Myron Gaines,C
2024935018468888752,HOLY! https://t.co/HhqNvOnRYH,1721139282092429312,"{'retweet_count': 22, 'reply_count': 19, 'like_count': 327, 'quote_count': 1, 'bookmark_count': 62, 'impression_count': 31180}",2026-02-20T19:51:44.000Z,Myron Gaines,C
2024917037001441470,"Donald Trump has been illegally taxing your groceries, furniture, and cars for over a year. 

Time for a refund.",11347122,"{'retweet_count': 15752, 'reply_count': 10527, 'like_count': 114556, 'quote_count': 777, 'bookmark_count': 1199, 'impression_count': 2030732}",2026-02-20T18:40:17.000Z,GavinNewsom,L
2024870904078204996,Issue an immediate refund to all Americans for your illegal tax. Now. https://t.co/v5pUv2u6qN,11347122,"{'retweet_count': 12449, 'reply_count': 5743, 'like_count': 88004, 'quote_count': 393, 'bookmark_count': 1226, 'impression_count': 2435688}",2026-02-20T15:36:58.000Z,GavinNewsom,L
2024865460190409151,"Even Donald Trump’s Supreme Court agrees:

His tax on the American people is illegal.

A huge win for families and small businesses across the country who have been suffering under this man’s ego. https://t.co/sk3qIEEWpz",11347122,"{'retweet_count': 2682, 'reply_count': 1571, 'like_count': 15205, 'quote_count': 105, 'bookmark_count': 180, 'impression_count': 246509}",2026-02-20T15:15:20.000Z,GavinNewsom,L
2024987280847360314,"Gavin Newsom just slammed Trump and demanded a refund for his tariff scheme “Trump owes families their money back. $1,751 per household.” Damn right. https://t.co/LZFlmG28CC",428454304,"{'retweet_count': 718, 'reply_count': 355, 'like_count': 4775, 'quote_count': 10, 'bookmark_count': 48, 'impression_count': 40600}",2026-02-20T23:19:24.000Z,Harry Sisson,L
2024971242860630214,Governor Gavin Newsom is demanding a refund WITH INTEREST from Donald Trump for his tariff scheme. This is the way. https://t.co/AmpghP5FTi,428454304,"{'retweet_count': 663, 'reply_count': 290, 'like_count': 2892, 'quote_count': 17, 'bookmark_count': 30, 'impression_count': 24859}",2026-02-20T22:15:41.000Z,Harry Sisson,L
2024962995978170735,Love this! Governor JB Pritzker is now demanding a refund from Donald Trump for the people of Illinois after his tariffs were struck down. Pritzker sent him an invoice! https://t.co/f42GrsAacm,428454304,"{'retweet_count': 965, 'reply_count': 368, 'like_count': 4104, 'quote_count': 31, 'bookmark_count': 54, 'impression_count': 38283}",2026-02-20T21:42:54.000Z,Harry Sisson,L
2024921116435697810,Trump just said “I read very well. Great comprehension.” Perhaps his worst lie yet.,428454304,"{'retweet_count': 124, 'reply_count': 105, 'like_count': 1575, 'quote_count': 3, 'bookmark_count': 10, 'impression_count': 13982}",2026-02-20T18:56:30.000Z,Harry Sisson,L
2024920684212691131,"This Trump press conference is utterly insane. He’s deranged, angry, and incoherent. He needs to impeached and removed.",428454304,"{'retweet_count': 2525, 'reply_count': 1164, 'like_count': 21086, 'quote_count': 67, 'bookmark_count': 138, 'impression_count': 182493}",2026-02-20T18:54:46.000Z,Harry Sisson,L
2024916276846485774,Trump just announced a new 10% global tariff on all countries. He’s hellbent on destroying our country.,428454304,"{'retweet_count': 490, 'reply_count': 376, 'like_count': 4915, 'quote_count': 20, 'bookmark_count': 47, 'impression_count': 88490}",2026-02-20T18:37:16.000Z,Harry Sisson,L
2024903188449530249,Trump lost at the Supreme Court which means America won! Good day for the country.,428454304,"{'retweet_count': 442, 'reply_count': 372, 'like_count': 6787, 'quote_count': 14, 'bookmark_count': 54, 'impression_count': 58193}",2026-02-20T17:45:15.000Z,Harry Sisson,L
2024690371180056641,I have consistently said that Biden will be remembered fondly by future generations and certainly much better than Donald Trump. That prediction is already coming true. https://t.co/tEKeiDr9iN,428454304,"{'retweet_count': 250, 'reply_count': 546, 'like_count': 1480, 'quote_count': 16, 'bookmark_count': 19, 'impression_count': 23971}",2026-02-20T03:39:36.000Z,Harry Sisson,L
2024657133539614975,"U2 just released an EP where they criticize Trump, ICE, and more https://t.co/EcxTgQihU3",428454304,"{'retweet_count': 115, 'reply_count': 713, 'like_count': 671, 'quote_count': 14, 'bookmark_count': 23, 'impression_count': 18891}",2026-02-20T01:27:31.000Z,Harry Sisson,L
2024615360943542748,This is Sleepy Don btw https://t.co/lskQ5u6fGc https://t.co/BzNGGaXbJ2,428454304,"{'retweet_count': 442, 'reply_count': 236, 'like_count': 2166, 'quote_count': 18, 'bookmark_count': 43, 'impression_count': 51833}",2026-02-19T22:41:32.000Z,Harry Sisson,L
2024879733331415396,The Trump Administration needs to issue refund checks to all Americans for their Illegal tax.,1833606833442889728,"{'retweet_count': 667, 'reply_count': 135, 'like_count': 9377, 'quote_count': 12, 'bookmark_count': 69, 'impression_count': 86535}",2026-02-20T16:12:03.000Z,Dean Withers,L
2024877952937423004,"🚨BREAKING: The Supreme Court has STRUCK DOWN Trump’s Tariffs, ruling them as UNCONSTITUTIONAL. Trump &amp; MAGA are FUMING.

This is LAW &amp; ORDER!",1833606833442889728,"{'retweet_count': 339, 'reply_count': 73, 'like_count': 6838, 'quote_count': 7, 'bookmark_count': 104, 'impression_count': 71223}",2026-02-20T16:04:59.000Z,Dean Withers,L
2024863520987242900,👀 https://t.co/eyT7CZlKBD,22771961,"{'retweet_count': 377, 'reply_count': 0, 'like_count': 2863, 'quote_count': 5, 'bookmark_count': 23, 'impression_count': 87613}",2026-02-20T15:07:38.000Z,Jim Acosta,L
2024480723495694675,Don Lemon and I talked about how we are at the arresting journalist phase of Trump’s authoritarian project - https://t.co/UO2SVplPYJ via @YouTube,22771961,"{'retweet_count': 81, 'reply_count': 0, 'like_count': 252, 'quote_count': 2, 'bookmark_count': 8, 'impression_count': 33983}",2026-02-19T13:46:32.000Z,Jim Acosta,L
2024299528468213902,Don and I respond to Trump calling him a “sleaze bag” after his recent arrest. Isn’t Trump the biggest sleaze bag in America? We discuss. Full episode: https://t.co/oh5QJIKIfO via @YouTube https://t.co/q9wt93m0pE,22771961,"{'retweet_count': 264, 'reply_count': 0, 'like_count': 1733, 'quote_count': 15, 'bookmark_count': 26, 'impression_count': 54523}",2026-02-19T01:46:31.000Z,Jim Acosta,L
2024298187947638840,The U.S. government is now in the business of child abuse at DHS. https://t.co/b2Z5JDDxMa,22771961,"{'retweet_count': 758, 'reply_count': 1, 'like_count': 2881, 'quote_count': 14, 'bookmark_count': 29, 'impression_count': 44742}",2026-02-19T01:41:12.000Z,Jim Acosta,L
2024608375976202682,"Amber Glenn, you made us all so proud and your resilience is endlessly inspiring.

Isabeau Levito, your grace on the ice under pressure is a model to so many.

And of course, our women’s hockey team with a heart stopping gold! What a beautiful day for our country at the games! 🏅",138203134,"{'retweet_count': 549, 'reply_count': 289, 'like_count': 20451, 'quote_count': 12, 'bookmark_count': 127, 'impression_count': 295551}",2026-02-19T22:13:46.000Z,Alexandria Ocasio-Cortez,L
2024607544400884086,ALYSA LIU OH MY GOODNESS! 😭 🇺🇸,138203134,"{'retweet_count': 1094, 'reply_count': 483, 'like_count': 41259, 'quote_count': 42, 'bookmark_count': 367, 'impression_count': 726777}",2026-02-19T22:10:28.000Z,Alexandria Ocasio-Cortez,L
2024546796299550724,The only thing longer than my pause to think was their silence to his joke 💀 https://t.co/Rdo0ukVW2W,138203134,"{'retweet_count': 6133, 'reply_count': 8873, 'like_count': 80578, 'quote_count': 314, 'bookmark_count': 3018, 'impression_count': 2717400}",2026-02-19T18:09:05.000Z,Alexandria Ocasio-Cortez,L
2024953201632379367,"I will be back on the road next week in conversation with the wonderful @dopequeenpheebs, Dr. Jessica Knurick, @jemelehill, and V Spehar.

See you soon in Cleveland, Indianapolis, Detroit, and Madison: https://t.co/pBtuS6p42O https://t.co/JvA29DaWEo",30354991,"{'retweet_count': 347, 'reply_count': 320, 'like_count': 1627, 'quote_count': 18, 'bookmark_count': 42, 'impression_count': 87656}",2026-02-20T21:03:59.000Z,Kamala Harris,L
2024994298119246092,"AI and robotics will radically transform our economy, politics and the world. Should a handful of multibillionaires decide the future of humanity? I don’t think so.

Watch my town hall on the future of AI at Stanford with @RoKhanna. https://t.co/CjN6NQURAu",216776631,"{'retweet_count': 240, 'reply_count': 247, 'like_count': 1054, 'quote_count': 26, 'bookmark_count': 61, 'impression_count': 97812}",2026-02-20T23:47:17.000Z,Bernie Sanders,L
2024913829969207688,"Net worth of the billionaires opposing California's wealth tax:

Elon Musk: $844 billion
Larry Page: $262 billion
Sergey Brin: $243 billion 
Mark Zuckerberg: $228 billion
Larry Ellison: $209 billion

Yes. We must tax billionaires. And it starts in California. https://t.co/3VtY8QXQJM",216776631,"{'retweet_count': 6782, 'reply_count': 9401, 'like_count': 29935, 'quote_count': 539, 'bookmark_count': 602, 'impression_count': 1096021}",2026-02-20T18:27:32.000Z,Bernie Sanders,L
2024344826322321919,"Great turn out in LA! Together we are telling the billionaire class: it is time to pay your fair share. 

Thanks to the union members working to get the 5% wealth tax on the ballot. The billionaires think they have all the power, but we know the people will never be defeated. https://t.co/4m8ojHBInW",216776631,"{'retweet_count': 516, 'reply_count': 606, 'like_count': 2660, 'quote_count': 29, 'bookmark_count': 44, 'impression_count': 83208}",2026-02-19T04:46:31.000Z,Bernie Sanders,L
2024320947952767467,"California is proposing a 5% wealth tax on 200 billionaires worth $2T to protect health care for 3M people. 

Let’s get it done—and make billionaires finally pay their fair share. https://t.co/DPY7EN4KQ1",216776631,"{'retweet_count': 1965, 'reply_count': 3353, 'like_count': 8112, 'quote_count': 219, 'bookmark_count': 152, 'impression_count': 574769}",2026-02-19T03:11:38.000Z,Bernie Sanders,L
2024995099751465002,I got a feeling the American people want their money back. https://t.co/axQuvj3zlP,970207298,"{'retweet_count': 2862, 'reply_count': 3652, 'like_count': 19030, 'quote_count': 177, 'bookmark_count': 218, 'impression_count': 391740}",2026-02-20T23:50:29.000Z,Elizabeth Warren,L
2024925404482470098,"Donald Trump illegally stole your money. 

He should give it back to you. 

Instead Trump is scheming up new ways to force Americans to pay even more. https://t.co/PoLCg1azzv",970207298,"{'retweet_count': 3545, 'reply_count': 7754, 'like_count': 13672, 'quote_count': 331, 'bookmark_count': 169, 'impression_count': 518968}",2026-02-20T19:13:32.000Z,Elizabeth Warren,L
2024872083130335653,"No Supreme Court decision can undo the massive damage that Trump's chaotic tariffs have caused.
 
The American people paid for these tariffs and the American people should get their money back. https://t.co/I78bV2jJUH",970207298,"{'retweet_count': 4813, 'reply_count': 3493, 'like_count': 28066, 'quote_count': 233, 'bookmark_count': 342, 'impression_count': 759851}",2026-02-20T15:41:39.000Z,Elizabeth Warren,L
2024856142174683623,https://t.co/2CDC6bwnog,970207298,"{'retweet_count': 24, 'reply_count': 41, 'like_count': 69, 'quote_count': 0, 'bookmark_count': 2, 'impression_count': 19345}",2026-02-20T14:38:18.000Z,Elizabeth Warren,L
2024856139465207928,"Billionaire corporations keep dumping millions into Donald Trump's gold-encrusted ballroom.

What are they getting in return?

Is the National Park Service helping facilitate corruption in plain sight?

We need answers now. https://t.co/Cu7L83L28e",970207298,"{'retweet_count': 333, 'reply_count': 270, 'like_count': 752, 'quote_count': 5, 'bookmark_count': 15, 'impression_count': 18183}",2026-02-20T14:38:18.000Z,Elizabeth Warren,L
2024589909474840887,"NEWS: Donald Trump just gave a MASSIVE handout to the richest corporations in America.

How? By delivering them new tax cuts for research they've ALREADY done.

Some billionaire companies will pay a lower tax rate than a public school teacher.

It’s shameful.",970207298,"{'retweet_count': 676, 'reply_count': 451, 'like_count': 2392, 'quote_count': 15, 'bookmark_count': 27, 'impression_count': 44699}",2026-02-19T21:00:24.000Z,Elizabeth Warren,L
2024570466250227856,https://t.co/HT1uaLqorW,970207298,"{'retweet_count': 20, 'reply_count': 54, 'like_count': 66, 'quote_count': 3, 'bookmark_count': 0, 'impression_count': 16294}",2026-02-19T19:43:08.000Z,Elizabeth Warren,L
2024570464400457834,"The American people voted for lower prices, not another war in the Middle East.

But Trump is itching to go to war with Iran.

The Constitution is clear: the president doesn't have the authority to start a war without Congress' approval.

I won't support another endless war. https://t.co/gAhqTjXwhZ",970207298,"{'retweet_count': 459, 'reply_count': 1950, 'like_count': 1962, 'quote_count': 78, 'bookmark_count': 52, 'impression_count': 92754}",2026-02-19T19:43:08.000Z,Elizabeth Warren,L
2024558532972945514,"Do I hear a cockroach? A shadowy private credit firm is suddenly blocking investors from withdrawing their money. 

The Trump Administration needs to wake up. Stop pushing these risky investments into Americans’ retirement accounts. https://t.co/4nZl9xQmX5",970207298,"{'retweet_count': 175, 'reply_count': 154, 'like_count': 894, 'quote_count': 37, 'bookmark_count': 85, 'impression_count': 314723}",2026-02-19T18:55:43.000Z,Elizabeth Warren,L
2024538786923782556,https://t.co/d49et4TUy8,970207298,"{'retweet_count': 10, 'reply_count': 28, 'like_count': 43, 'quote_count': 1, 'bookmark_count': 2, 'impression_count': 22438}",2026-02-19T17:37:15.000Z,Elizabeth Warren,L
2025194228754640980,I love this story. https://t.co/dHtKzjq1P7,15808765,"{'retweet_count': 8, 'reply_count': 15, 'like_count': 59, 'quote_count': 1, 'bookmark_count': 6, 'impression_count': 5254}",2026-02-21T13:01:45.000Z,Cory Booker,L
2024984946838802657,"ICE reportedly closed a deal worth tens of millions of dollars to warehouse human beings in Roxbury, New Jersey. It betrays everything this community stands for and then hands them the bill.

I’ve toured the site. I’ve met with local leaders and residents. And the opposition is https://t.co/2qtglC84PN",15808765,"{'retweet_count': 1428, 'reply_count': 1150, 'like_count': 4787, 'quote_count': 86, 'bookmark_count': 115, 'impression_count': 107465}",2026-02-20T23:10:08.000Z,Cory Booker,L
2024950065895292929,"ICE is using surveillance technology in American neighborhoods, on Americans.

Facial recognition. Iris scanning. Spyware. Drones. More.

If you believe in privacy and the Constitution—whether you're on the left, right, or center—this is the moment to stand up and speak out. https://t.co/xF68jJmn9y",15808765,"{'retweet_count': 873, 'reply_count': 778, 'like_count': 1577, 'quote_count': 53, 'bookmark_count': 103, 'impression_count': 24532}",2026-02-20T20:51:32.000Z,Cory Booker,L
2024925982159687761,As we knew all along Trump cannot just implement chaotic tariff policy. https://t.co/5pgPeMzSQ2,15808765,"{'retweet_count': 45, 'reply_count': 114, 'like_count': 189, 'quote_count': 1, 'bookmark_count': 5, 'impression_count': 13325}",2026-02-20T19:15:50.000Z,Cory Booker,L
2024672870073295068,"We have to stand up to Trump’s wannabe-dictator tactics.

Thanks for speaking out @davejorgenson https://t.co/UsQpJz2gXO",15808765,"{'retweet_count': 610, 'reply_count': 100, 'like_count': 1101, 'quote_count': 27, 'bookmark_count': 210, 'impression_count': 25057}",2026-02-20T02:30:03.000Z,Cory Booker,L
2024597691196449228,"Michael Pollan is right, your taxes are subsidizing unhealthy foods while health care costs continue to rise. https://t.co/Rbf4gr5na1",15808765,"{'retweet_count': 101, 'reply_count': 47, 'like_count': 322, 'quote_count': 7, 'bookmark_count': 20, 'impression_count': 14199}",2026-02-19T21:31:19.000Z,Cory Booker,L
2024568995681107998,"Follow the money. 

Private prisons. Bounty hunters. Social media monitors. 

Companies are getting rich from ICE contracts. Here’s what you should know about Trump’s deportation industrial complex. https://t.co/iMDkellyQe",15808765,"{'retweet_count': 724, 'reply_count': 1452, 'like_count': 1587, 'quote_count': 83, 'bookmark_count': 86, 'impression_count': 78447}",2026-02-19T19:37:17.000Z,Cory Booker,L
2024644304329707895,"Children are suffering in a for-profit prison.

Send them home. Abolish ICE. And ban private, for-profit prisons forever. https://t.co/fZBJFcd4bA",783792992,"{'retweet_count': 1674, 'reply_count': 0, 'like_count': 7621, 'quote_count': 59, 'bookmark_count': 108, 'impression_count': 185396}",2026-02-20T00:36:32.000Z,Ilhan Omar,L
2024615701302964686,Alysa and our women’s hockey team showing the world how you do it. Incredibly proud of our U.S. athletes. 🇺🇸 https://t.co/yox7V6z4uR,783792992,"{'retweet_count': 200, 'reply_count': 1, 'like_count': 4145, 'quote_count': 8, 'bookmark_count': 43, 'impression_count': 44874}",2026-02-19T22:42:53.000Z,Ilhan Omar,L
2025211457726480411,"Hanging out with good friends definitely makes dealing with the apocalypse more bearable. 🙂
https://t.co/ifUfSid8Ad",1045110787,"{'retweet_count': 4, 'reply_count': 2, 'like_count': 25, 'quote_count': 0, 'bookmark_count': 1, 'impression_count': 803}",2026-02-21T14:10:12.000Z,Mary L Trump,L
2024585355526074519,"Endangerment Act Repeal

""Trump EPA Repeal Sparks Climate Chaos"" full video | https://t.co/Sxe5Ne8X4S https://t.co/TSOg3hjkJL",1045110787,"{'retweet_count': 85, 'reply_count': 19, 'like_count': 290, 'quote_count': 0, 'bookmark_count': 10, 'impression_count': 17172}",2026-02-19T20:42:18.000Z,Mary L Trump,L
2024293078765281769,"This is going to be fun! (Lots of) Coffee with @JoyceWhiteVance  and @KatiePhang  tomorrow at 9:00 a.m. ET on Substack Live. Join us!
https://t.co/ZaamYjTOEH",1045110787,"{'retweet_count': 40, 'reply_count': 21, 'like_count': 198, 'quote_count': 1, 'bookmark_count': 2, 'impression_count': 18078}",2026-02-19T01:20:54.000Z,Mary L Trump,L
2025090363363561976,"“i wish no harm to the american ruling class, my enemy is the american people” jdpon don https://t.co/M6YxQ2lKpd https://t.co/QZbfBvulFh",326756275,"{'retweet_count': 100, 'reply_count': 31, 'like_count': 1632, 'quote_count': 0, 'bookmark_count': 58, 'impression_count': 68429}",2026-02-21T06:09:01.000Z,hasanabi,L
2025070413383172311,"i am going to cuba! others can also join a global aid convoy that will meet in havana on the 21st of march! 

https://t.co/27m0q40pSW https://t.co/j8qL3k1FHL https://t.co/Y5KGthVcKO",326756275,"{'retweet_count': 594, 'reply_count': 255, 'like_count': 8605, 'quote_count': 40, 'bookmark_count': 209, 'impression_count': 197775}",2026-02-21T04:49:45.000Z,hasanabi,L
2025041081143099803,mike huckabee cares more about the greater israel project than he does about americans. he cares more about israel than the majority of american jews. totally insane person. https://t.co/BjbooXPuXI,326756275,"{'retweet_count': 677, 'reply_count': 106, 'like_count': 7840, 'quote_count': 9, 'bookmark_count': 203, 'impression_count': 137437}",2026-02-21T02:53:11.000Z,hasanabi,L
2025038313141535083,miami cuban hasbara is coming out as the strangulation of the island worsens https://t.co/V3yCjz68OQ,326756275,"{'retweet_count': 330, 'reply_count': 112, 'like_count': 5083, 'quote_count': 32, 'bookmark_count': 83, 'impression_count': 134411}",2026-02-21T02:42:11.000Z,hasanabi,L
2025036203209490721,cmon man https://t.co/WxqpFPC0wh,326756275,"{'retweet_count': 171, 'reply_count': 41, 'like_count': 4182, 'quote_count': 3, 'bookmark_count': 99, 'impression_count': 179466}",2026-02-21T02:33:48.000Z,hasanabi,L
2024983458838409719,"they said that gaza had to be starved because of hamas, now they say cuba is starving because of the cuban government. it’s bullshit. this kind of nonsense doesn’t work anymore. end the blockade now! https://t.co/GMasl5OQvd",326756275,"{'retweet_count': 2138, 'reply_count': 361, 'like_count': 15951, 'quote_count': 68, 'bookmark_count': 426, 'impression_count': 281484}",2026-02-20T23:04:13.000Z,hasanabi,L
2024980499983446178,yeah i’m on team let’s not starve cubans. it’s not their government that’s starving them- it’s ours you fucking moron. https://t.co/GicNsJ7uti,326756275,"{'retweet_count': 2182, 'reply_count': 1235, 'like_count': 33525, 'quote_count': 209, 'bookmark_count': 705, 'impression_count': 1064240}",2026-02-20T22:52:28.000Z,hasanabi,L
2024941797265604771,👺IRAN!👺SCOTUS SAYS NO $$ FUMBLES👺PRINCE ANDREW  IS COOKED👺EPSTEIN HAD ISRAEL DOING SURVEILLANCE👺CUBA INTERVIEW W/ BELLYOF THE BEAST! https://t.co/OTlQITPBfj https://t.co/GbeaJztsh6,326756275,"{'retweet_count': 65, 'reply_count': 41, 'like_count': 1487, 'quote_count': 4, 'bookmark_count': 23, 'impression_count': 55113}",2026-02-20T20:18:40.000Z,hasanabi,L
2024934899371966605,gross https://t.co/k7NDRySDva,326756275,"{'retweet_count': 971, 'reply_count': 1208, 'like_count': 27084, 'quote_count': 540, 'bookmark_count': 2536, 'impression_count': 3783984}",2026-02-20T19:51:16.000Z,hasanabi,L
2025079263804740055,"Trump: ""I read the paragraphs. I read very well. Great comprehension. I read everything there is to read”
 https://t.co/BGqp2PYA5n",1221462414744596483,"{'retweet_count': 130, 'reply_count': 336, 'like_count': 914, 'quote_count': 65, 'bookmark_count': 65, 'impression_count': 52173}",2026-02-21T05:24:55.000Z,Republicans against Trump,L
2025069786237968683,It’s almost like Trump is determined to hand Democrats a landslide in November. https://t.co/AzCc7y0ay8,1221462414744596483,"{'retweet_count': 98, 'reply_count': 26, 'like_count': 651, 'quote_count': 3, 'bookmark_count': 33, 'impression_count': 48154}",2026-02-21T04:47:15.000Z,Republicans against Trump,L
2025065340472807746,So. Much. Whining. https://t.co/GLh0iXNSjU,1221462414744596483,"{'retweet_count': 179, 'reply_count': 57, 'like_count': 2341, 'quote_count': 8, 'bookmark_count': 24, 'impression_count': 27154}",2026-02-21T04:29:35.000Z,Republicans against Trump,L
2025048353654923526,"“Corporations and individuals who have donated large sums to MAGA Inc. have been granted audiences with Mr. Trump and his team. 

Donors have used those meetings to lobby for their interests. The Trump administration has at times taken actions that have advanced donors’ https://t.co/BBjbY8Ie8O",1221462414744596483,"{'retweet_count': 156, 'reply_count': 16, 'like_count': 545, 'quote_count': 3, 'bookmark_count': 25, 'impression_count': 24616}",2026-02-21T03:22:05.000Z,Republicans against Trump,L
2025045126641336713,"Bridge Owner Donated $1 Million to MAGA Group Before Trump Blasted Competitor

The PAC and the White House say the donation had nothing to do with President Trump’s tirade against a new bridge connecting Detroit and Windsor, Ontario.
https://t.co/PgeWvHX0Oz",1221462414744596483,"{'retweet_count': 256, 'reply_count': 27, 'like_count': 700, 'quote_count': 9, 'bookmark_count': 37, 'impression_count': 50701}",2026-02-21T03:09:16.000Z,Republicans against Trump,L
2025030861712728371,"Hundreds of U.S. troops were evacuated from Al Udeid in Qatar and bases in Bahrain ahead of a possible strike on Iran, in anticipation of Iranian retaliation.
—NYT https://t.co/GmeRGiDXF2",1221462414744596483,"{'retweet_count': 81, 'reply_count': 22, 'like_count': 412, 'quote_count': 3, 'bookmark_count': 12, 'impression_count': 20117}",2026-02-21T02:12:35.000Z,Republicans against Trump,L
2025018704262512669,"BREAKING: The U.S. military struck another boat in the eastern Pacific, killing three men on board.

That brings the death toll to 148 since early September, when the Trump administration began targeting what it calls “narcoterrorists” in small vessels.
https://t.co/fwkBHA3stI",1221462414744596483,"{'retweet_count': 760, 'reply_count': 121, 'like_count': 1742, 'quote_count': 57, 'bookmark_count': 73, 'impression_count': 56077}",2026-02-21T01:24:16.000Z,Republicans against Trump,L
2025012012711899320,"Trump: Another one of my favorite words is the word tariff. I used to say it's my favorite word. They said, what about God? What about religion?… So now I make it my fifth favorite word. https://t.co/NZtoryXw1o",1221462414744596483,"{'retweet_count': 67, 'reply_count': 80, 'like_count': 453, 'quote_count': 6, 'bookmark_count': 13, 'impression_count': 35229}",2026-02-21T00:57:41.000Z,Republicans against Trump,L
2025007003840512144,Trump: Those members of the Supreme Court who voted against our very acceptable and proper method of TARIFFS should be ashamed of themselves. https://t.co/S1kDcCKyG2,1221462414744596483,"{'retweet_count': 54, 'reply_count': 73, 'like_count': 293, 'quote_count': 7, 'bookmark_count': 5, 'impression_count': 16388}",2026-02-21T00:37:47.000Z,Republicans against Trump,L
2025003697239888267,"Just hours after SCOTUS ruled his tariffs illegal, Trump signed a global 10% tariff on imports from all countries. The cost will be paid by American importers and ultimately consumers. https://t.co/E3xpLqTcpx",1221462414744596483,"{'retweet_count': 862, 'reply_count': 349, 'like_count': 2926, 'quote_count': 82, 'bookmark_count': 88, 'impression_count': 63080}",2026-02-21T00:24:38.000Z,Republicans against Trump,L
2025208898387365932,"🚨🇺🇸 BREAKING: The US Air Force now ""Very Weak,"" new research says. 

Aircraft readiness is at ""new low."" https://t.co/J4E9NzxOqA",1151913018936053760,"{'retweet_count': 36, 'reply_count': 30, 'like_count': 228, 'quote_count': 2, 'bookmark_count': 2, 'impression_count': 4853}",2026-02-21T14:00:02.000Z,Jackson Hinkle,L
2025201341224591760,🚨🇨🇳 The Chinese combat-ready airforce is ~18% larger than the US combat-ready airforce. https://t.co/jMSA7e9vRC,1151913018936053760,"{'retweet_count': 99, 'reply_count': 55, 'like_count': 689, 'quote_count': 0, 'bookmark_count': 4, 'impression_count': 12681}",2026-02-21T13:30:00.000Z,Jackson Hinkle,L
2025193998797729821,"🇮🇱 868 days later, still no evidence of beheaded babies @benshapiro",1151913018936053760,"{'retweet_count': 357, 'reply_count': 60, 'like_count': 2631, 'quote_count': 2, 'bookmark_count': 24, 'impression_count': 25412}",2026-02-21T13:00:50.000Z,Jackson Hinkle,L
2025193797861462424,"🚨🇷🇺🇮🇷 BREAKING: Russian FM Lavrov discussed nuclear issue in phone talk with Iran's Araghchi.

Lavrov expressed ""support for negotiations to find fair solutions and respect Iran's legitimate rights."" https://t.co/4JG4U6aQob",1151913018936053760,"{'retweet_count': 105, 'reply_count': 25, 'like_count': 692, 'quote_count': 1, 'bookmark_count': 7, 'impression_count': 16706}",2026-02-21T13:00:02.000Z,Jackson Hinkle,L
2025186240153219226,"🚨🇰🇵BREAKING: North Korea promises a ""war of revenge"" against the United States. https://t.co/zAjP12UIvM",1151913018936053760,"{'retweet_count': 291, 'reply_count': 96, 'like_count': 1995, 'quote_count': 21, 'bookmark_count': 67, 'impression_count': 38711}",2026-02-21T12:30:00.000Z,Jackson Hinkle,L
2025178696634515560,🚨🇰🇵🇷🇺 BREAKING: Kim Jong Un recieves congratulations from Russia's Medevedev on day of North Korea's party congress. https://t.co/HUNvsgRMCI,1151913018936053760,"{'retweet_count': 93, 'reply_count': 43, 'like_count': 964, 'quote_count': 0, 'bookmark_count': 11, 'impression_count': 15778}",2026-02-21T12:00:01.000Z,Jackson Hinkle,L
2025171141120188842,Fidel Castro on Palestine: https://t.co/lDxSUuZquV,1151913018936053760,"{'retweet_count': 138, 'reply_count': 20, 'like_count': 561, 'quote_count': 2, 'bookmark_count': 39, 'impression_count': 12240}",2026-02-21T11:30:00.000Z,Jackson Hinkle,L
2025163589980737747,"🚨🇷🇺🇧🇫 BREAKING: Russia has extended its military cooperation with Burkina Faso through the provision of generator sets, transformers, and water purifiers to the country's armed forces. https://t.co/c6iZcdyM0K",1151913018936053760,"{'retweet_count': 327, 'reply_count': 67, 'like_count': 2034, 'quote_count': 12, 'bookmark_count': 18, 'impression_count': 28129}",2026-02-21T11:00:00.000Z,Jackson Hinkle,L
2025159077345599648,"🚨🇮🇷🇺🇸 BREAKING: IRAN WILL OBLITERATE U.S. TROOPS

✅ Interview with USAF veteran Dennis Fritz https://t.co/AQF1C5JfOS",1151913018936053760,"{'retweet_count': 133, 'reply_count': 57, 'like_count': 554, 'quote_count': 4, 'bookmark_count': 44, 'impression_count': 128841}",2026-02-21T10:42:04.000Z,Jackson Hinkle,L
2025135058240114906,🚨🇺🇸 BREAKING: President Trump imposes 10% tariffs on all countries. https://t.co/GA3vtJw4Fx,1151913018936053760,"{'retweet_count': 112, 'reply_count': 159, 'like_count': 756, 'quote_count': 7, 'bookmark_count': 7, 'impression_count': 26147}",2026-02-21T09:06:37.000Z,Jackson Hinkle,L
2024946444184986025,The truth is out there — are we about to finally learn it? https://t.co/GHNWuMKaCO,14529929,"{'retweet_count': 40, 'reply_count': 158, 'like_count': 278, 'quote_count': 5, 'bookmark_count': 32, 'impression_count': 43931}",2026-02-20T20:37:08.000Z,Jake Tapper,L
2024885350007451653,"sweating ref, ©️ @maitlis https://t.co/0JdyMJz7aq",14529929,"{'retweet_count': 20, 'reply_count': 18, 'like_count': 178, 'quote_count': 3, 'bookmark_count': 5, 'impression_count': 24144}",2026-02-20T16:34:22.000Z,Jake Tapper,L
2024884757578891469,Gorsuch going all Schoolhouse Rock https://t.co/5gGfODnrHh https://t.co/fQRp81VuxH,14529929,"{'retweet_count': 170, 'reply_count': 28, 'like_count': 2173, 'quote_count': 1, 'bookmark_count': 90, 'impression_count': 104874}",2026-02-20T16:32:01.000Z,Jake Tapper,L
2024883847205126225,11 years ago the body of US veteran Richard Miles was found in the woods. He had sought help from the VA and he didn’t get it.  https://t.co/BqzlDhkr7o,14529929,"{'retweet_count': 24, 'reply_count': 12, 'like_count': 94, 'quote_count': 0, 'bookmark_count': 0, 'impression_count': 17508}",2026-02-20T16:28:24.000Z,Jake Tapper,L
2024875374308389055,"Inky: After 96 years, Pat’s King of Steaks is changing how it makes cheesesteaks https://t.co/EYk9YfE4oQ",14529929,"{'retweet_count': 3, 'reply_count': 9, 'like_count': 28, 'quote_count': 1, 'bookmark_count': 10, 'impression_count': 30536}",2026-02-20T15:54:44.000Z,Jake Tapper,L
2024863991470735449,"Supreme Court rules that Trump’s sweeping emergency tariffs are illegal

https://t.co/4AtUazS3mA",14529929,"{'retweet_count': 199, 'reply_count': 123, 'like_count': 1462, 'quote_count': 31, 'bookmark_count': 12, 'impression_count': 60463}",2026-02-20T15:09:30.000Z,Jake Tapper,L
